,institute_name_scrapper,course_name,duration,Intakes Dates,status,Link of the Program,inst_currency
0,durham college,9-1-1 Emergency and Call Centre Communications,Four semesters,"e

						September 2022 
View",,https://durhamcollege.ca/programs/9-1-1-emergency-and-call-centre-communications,Canadian dollar(Can$)
1,durham college,Academic Upgrading,cademic Upgrading | Du,classesin SeptemberDiscover D,,https://durhamcollege.ca/programs/academic-upgrading-college-preparation,Canadian dollar(Can$)
2,durham college,Accounting – Business – Transfer to Ontario Tech University Bachelor of Commerce (Hons),Four semesters,"e

						September 2022 
View",,https://durhamcollege.ca/programs/accounting-business-transfer-to-ontario-tech-university-bachelor-of-commerce-hons,Canadian dollar(Can$)
3,durham college,Addictions and Mental Health (graduate certificate),Three consecuti,"e

						September 2022 
View",,https://durhamcollege.ca/programs/addictions-and-mental-health,Canadian dollar(Can$)
4,durham college,Advanced Law Enforcement and Investigations (graduate certificate),Two semesters,"e

						September 2022 
View",,https://durhamcollege.ca/programs/advanced-law-enforcement-and-investigations,Canadian dollar(Can$)
5,durham college,Advertising and Promotion,Four semesters,"e

						September 2022 
View",,https://durhamcollege.ca/programs/advertising-and-promotion,Canadian dollar(Can$)
6,durham college,Advertising – Digital Media Management (graduate certificate),Two semesters,"e

						September 2022 
View",,https://durhamcollege.ca/programs/advertising-digital-media-management,Canadian dollar(Can$)
7,durham college,Animal Care,Two semesters,"e

						September 2022 
View",,https://durhamcollege.ca/programs/animal-care,Canadian dollar(Can$)
8,durham college,Animation – Digital Production,Six semesters,"e

						September 2022 
View",,https://durhamcollege.ca/programs/animation-digital,Canadian dollar(Can$)
9,durham college,Architectural Technology,Six semesters,"e

						September 2022 
View",,https://durhamcollege.ca/programs/architectural-technology,Canadian dollar(Can$)
10,durham college,"Artificial Intelligence Analysis, Design and Implementation (graduate certificate)",Two semesters (,"e

						September 2022 
View",,https://durhamcollege.ca/programs/artificial-intelligence-analysis-design-and-implementation-graduate-certificate,Canadian dollar(Can$)
11,durham college,"Artificial Intelligence Analysis, Design and Implementation (graduate certificate – weekend delivery)",Two semesters (,"e

						January 2023 
View al",,https://durhamcollege.ca/programs/artificial-intelligence-analysis-design-and-implementation-graduate-certificate-weekend-delivery,Canadian dollar(Can$)
12,durham college,Artificial Intelligence – Honours Bachelor – NEW,Eight semesters,"e

						September 2022 
View",,https://durhamcollege.ca/programs/artificial-intelligence-honours-bachelor,Canadian dollar(Can$)
13,durham college,Autism and Behavioural Sciences (graduate certificate),Two semesters,"e

						September 2022 
View",,https://durhamcollege.ca/programs/autism-and-behavioural-sciences-graduate-certificate,Canadian dollar(Can$)
14,durham college,Automotive Technician – Service and Management (Motive Power Technician) (Co-op option available),Four semesters,"e

						September 2022 
View",,https://durhamcollege.ca/programs/automotive-technician-service-and-management-motive-power-technician,Canadian dollar(Can$)
15,durham college,Behavioural Science  – Honours Bachelor,Eight semesters,"e

						September 2022 
View",,https://durhamcollege.ca/programs/behavioural-science-honours-bachelor,Canadian dollar(Can$)
16,durham college,Behavioural Science Technician – NEW,Four semesters,"e

						September 2022 
View",,https://durhamcollege.ca/programs/behavioural-science-technician,Canadian dollar(Can$)
17,durham college,Biomedical Engineering Technology,Six semesters,"e

						September 2022 
View",,https://durhamcollege.ca/programs/biomedical-engineering-technology,Canadian dollar(Can$)
18,durham college,Biotechnology – Advanced,Six semesters,"e

						September 2022 
View",,https://durhamcollege.ca/programs/biotechnology-advanced,Canadian dollar(Can$)
19,durham college,Biotechnology – Advanced (fast-track),Two semesters,"e

						September 2022 
View",,https://durhamcollege.ca/programs/biotechnology-advanced-compressed-fast-track,Canadian dollar(Can$)
20,durham college,Broadcasting – Radio and Contemporary Media,Four semesters,"e

						September 2022 
View",,https://durhamcollege.ca/programs/broadcasting-radio-and-contemporary-media,Canadian dollar(Can$)
21,durham college,Carpentry – Building Construction Technician (Co-op option available),Four semesters,"e

						September 2022 
View",,https://durhamcollege.ca/programs/building-construction-technician,Canadian dollar(Can$)
22,durham college,Accounting – Business,Four semesters,"e

						September 2022 
View",,https://durhamcollege.ca/programs/business-accounting,Canadian dollar(Can$)
23,durham college,Accounting – Business Administration (Co-op option available),Six semesters,"e

						September 2022 
View",,https://durhamcollege.ca/programs/business-administration-accounting,Canadian dollar(Can$)
24,durham college,Human Resources – Business Administration (Co-op option available),Six semesters,"e

						September 2022 
View",,https://durhamcollege.ca/programs/business-administration-human-resources,Canadian dollar(Can$)
25,durham college,Marketing – Business Administration (Co-op option available),Six semesters,"e

						September 2022 
View",,https://durhamcollege.ca/programs/business-administration-marketing,Canadian dollar(Can$)
26,durham college,Entrepreneurship and Small Business – Business,Four semesters,"e

						September 2022 
View",,https://durhamcollege.ca/programs/business-entrepreneurship-and-small-business,Canadian dollar(Can$)
27,durham college,Entrepreneurship and Small Business – Business (weekend delivery),Four semesters,"e

						September 2022 
View",,https://durhamcollege.ca/programs/business-entrepreneurship-and-small-business-weekend-delivery,Canadian dollar(Can$)
28,durham college,Business Fundamentals,Two semesters,"e

						September 2022 
View",,https://durhamcollege.ca/programs/business-fundamentals-2,Canadian dollar(Can$)
29,durham college,Human Resources – Business,Four semesters,"e

						September 2022 
View",,https://durhamcollege.ca/programs/business-human-resources,Canadian dollar(Can$)
30,durham college,Marketing – Business,Four semesters,"e

						September 2022 
View",,https://durhamcollege.ca/programs/business-marketing,Canadian dollar(Can$)
31,durham college,Carpentry and Renovation Technician (Co-op option available),Four semesters,"e

						September 2022 
View",,https://durhamcollege.ca/programs/carpentry-and-renovation-technician,Canadian dollar(Can$)
32,durham college,Chemical Engineering Technology,Six semesters,"e

						September 2022 
View",,https://durhamcollege.ca/programs/chemical-engineering-technology,Canadian dollar(Can$)
33,durham college,Chemical Laboratory Technician,Four semesters,"e

						September 2022 
View",,https://durhamcollege.ca/programs/chemical-laboratory-technician,Canadian dollar(Can$)
34,durham college,Child and Youth Care (compressed),Six consecutive,"e

						September 2022 
View",,https://durhamcollege.ca/programs/child-and-youth-care,Canadian dollar(Can$)
35,durham college,Civil Engineering Technician (Co-op option available),Four Semesters,"e

						September 2022 
View",,https://durhamcollege.ca/programs/civil-engineering-technician,Canadian dollar(Can$)
36,durham college,Civil Engineering Technology (Co-op option available),Six semesters,"e

						September 2022 
View",,https://durhamcollege.ca/programs/civil-engineering-technology,Canadian dollar(Can$)
37,durham college,Communicative Disorders Assistant (graduate certificate),Three consecuti,"e

						September 2022 
View",,https://durhamcollege.ca/programs/communicative-disorders-assistant-graduate-certificate,Canadian dollar(Can$)
38,durham college,Community Integration Through Co-operative Education,Four semesters,"e


View all intakes

Faculty",,https://durhamcollege.ca/programs/community-integration-through-cooperative-education,Canadian dollar(Can$)
39,durham college,Computer Foundations,Two semesters,"e

						September 2022 
View",,https://durhamcollege.ca/programs/computer-foundations,Canadian dollar(Can$)
40,durham college,Computer Programming and Analysis (Co-op option available),Six semesters,"e

						September 2022 
View",,https://durhamcollege.ca/programs/computer-programming-analyst-three-year,Canadian dollar(Can$)
41,durham college,Computer Programming,Four semesters,"e

						September 2022 
View",,https://durhamcollege.ca/programs/computer-programming-two-year,Canadian dollar(Can$)
42,durham college,Computer Systems Technician – Transfer to Ontario Tech University Bachelor of Information Technology (Hons),Four semesters,"e

						September 2022 
View",,https://durhamcollege.ca/programs/computer-systems-technician-transfer-to-ontario-tech-university-bachelor-of-information-technology-hons,Canadian dollar(Can$)
43,durham college,Computer Systems Technician,Four semesters,"e

						September 2022 
View",,https://durhamcollege.ca/programs/computer-systems-technician-two-year,Canadian dollar(Can$)
44,durham college,Computer Systems Technology (Co-op option available),Six semesters,"e

						September 2022 
View",,https://durhamcollege.ca/programs/computer-systems-technology-three-year,Canadian dollar(Can$)
45,durham college,Conflict Resolution and Mediation (graduate certificate),Two semesters,"e

						September 2022 
View",,https://durhamcollege.ca/programs/conflict-resolution-and-mediation,Canadian dollar(Can$)
46,durham college,Construction Management – Honours Bachelor – NEW,Eight semesters,"e

						September 2022 
View",,https://durhamcollege.ca/programs/construction-management-honours-bachelor,Canadian dollar(Can$)
47,durham college,Cosmetic Techniques and Management,Four semesters,"e

						September 2022 
View",,https://durhamcollege.ca/programs/cosmetic-techniques-and-management,Canadian dollar(Can$)
48,durham college,Court Support Services,Two semesters,"e

						September 2022 
View",,https://durhamcollege.ca/programs/court-support-services,Canadian dollar(Can$)
49,durham college,"Crane Operation, Rigging and Construction Techniques",Two semesters,"e

						September 2022 
View",,https://durhamcollege.ca/programs/crane-operation-rigging-and-construction-techniques,Canadian dollar(Can$)
50,durham college,Culinary Management,Four semesters,"e

						September 2022 
View",,https://durhamcollege.ca/programs/culinary-management,Canadian dollar(Can$)
51,durham college,Culinary Skills,Two semesters,"e

						September 2022 
View",,https://durhamcollege.ca/programs/culinary-skills,Canadian dollar(Can$)
52,durham college,Cybersecurity (graduate certificate),Two semesters (,"e

						September 2022 
View",,https://durhamcollege.ca/programs/cybersecurity,Canadian dollar(Can$)
53,durham college,Cybersecurity (graduate certificate – weekend delivery),Two semesters (,"e

						January 2023 
View al",,https://durhamcollege.ca/programs/cybersecurity-weekend-delivery,Canadian dollar(Can$)
54,durham college,Data Analytics for Business Decision Making (graduate certificate),Two semesters,"e

						September 2022 
View",,https://durhamcollege.ca/programs/data-analytics-for-business-decision-making-graduate-certificate,Canadian dollar(Can$)
55,durham college,Data Analytics for Business Decision Making (graduate certificate – weekend delivery),Two semesters,"e

						September 2022 
View",,https://durhamcollege.ca/programs/data-analytics-for-business-decision-making-graduate-certificate-weekend-delivery,Canadian dollar(Can$)
56,durham college,Dental Assisting (Levels I and II),Two semesters,"e

						September 2022 
View",,https://durhamcollege.ca/programs/dental-assisting-levels-i-and-ii,Canadian dollar(Can$)
57,durham college,Dental Hygiene,Six semesters,"e

						May 2023 
View all in",,https://durhamcollege.ca/programs/dental-hygiene,Canadian dollar(Can$)
58,durham college,Dental Office Administration,Two semesters,"e

						September 2022 
View",,https://durhamcollege.ca/programs/dental-office-administration,Canadian dollar(Can$)
59,durham college,Developmental Services Worker,Four semesters,"e

						September 2022 
View",,https://durhamcollege.ca/programs/developmental-services-worker,Canadian dollar(Can$)
60,durham college,Early Childhood Education (compressed) – NEW,Four semesters,"e

						July 2022 
View all i",,https://durhamcollege.ca/programs/early-childhood-education-compressed,Canadian dollar(Can$)
61,durham college,Early Childhood Education,Four semesters,"e

						September 2022 
View",,https://durhamcollege.ca/programs/early-childhood-education-ece,Canadian dollar(Can$)
62,durham college,Electrical Engineering Technician,Four semesters,"e

						September 2022 
View",,https://durhamcollege.ca/programs/electrical-engineering-technician,Canadian dollar(Can$)
63,durham college,Electrical Techniques,Two semesters,"e

						September 2022 
View",,https://durhamcollege.ca/programs/electrical-techniques,Canadian dollar(Can$)
64,durham college,Electromechanical Engineering Technology (Co-op option available),Six semesters,"e

						September 2022 
View",,https://durhamcollege.ca/programs/electro-mechanical-engineering-technology,Canadian dollar(Can$)
65,durham college,Electronics Engineering Technician,Four semesters,"e

						September 2022 
View",,https://durhamcollege.ca/programs/electronics-engineering-technician-two-year,Canadian dollar(Can$)
66,durham college,Electronics Engineering Technology,Six semesters,"e

						September 2022 
View",,https://durhamcollege.ca/programs/electronics-engineering-technology-three-year,Canadian dollar(Can$)
67,durham college,Emergency Services Fundamentals,Two semesters,"e

						September 2022 
View",,https://durhamcollege.ca/programs/emergency-services-fundamentals,Canadian dollar(Can$)
68,durham college,Entrepreneurship and Small Business – Business – Transfer to Ontario Tech University Bachelor of Commerce (Hons),Four semesters,"e

						September 2022 
View",,https://durhamcollege.ca/programs/entrepreneurship-and-small-business-business-transfer-to-ontario-tech-bachelor-of-commerce-hons,Canadian dollar(Can$)
69,durham college,Environment Health and Safety Management (graduate certificate),Three semesters,"e

						September 2022 
View",,https://durhamcollege.ca/programs/environment-health-and-safety-management,Canadian dollar(Can$)
70,durham college,Environmental Technology (Co-op option available),Six semesters,"e

						September 2022 
View",,https://durhamcollege.ca/programs/environmental-technology,Canadian dollar(Can$)
71,durham college,Environmental Technology (fast-track),Two semesters,"e

						September 2022 
View",,https://durhamcollege.ca/programs/environmental-technology-compressed-fast-track,Canadian dollar(Can$)
72,durham college,Esport Business Management (graduate certificate) – flexible delivery,Two semesters,"e

						September 2022 
View",,https://durhamcollege.ca/programs/esport-business-management-graduate-certificate,Canadian dollar(Can$)
73,durham college,Esthetician – Spa Management,Four semesters,"e

						September 2022 
View",,https://durhamcollege.ca/programs/esthetician-spa-management,Canadian dollar(Can$)
74,durham college,Event Planning (Co-op option available),Four semesters,"e

						September 2022 
View",,https://durhamcollege.ca/programs/event-planning,Canadian dollar(Can$)
75,durham college,Finance – Business,Four semesters,"e

						September 2022 
View",,https://durhamcollege.ca/programs/finance-business,Canadian dollar(Can$)
76,durham college,Finance – Business Administration (Co-op option available),Six semesters,"e

						September 2022 
View",,https://durhamcollege.ca/programs/finance-business-administration,Canadian dollar(Can$)
77,durham college,Finance – Business – Transfer to Ontario Tech University Bachelor of Commerce (Hons),Four semesters,"e

						September 2022 
View",,https://durhamcollege.ca/programs/finance-business-transfer-to-ontario-tech-university-bachelor-of-commerce-hons,Canadian dollar(Can$)
78,durham college,Fine Arts – Advanced,Six semesters,"e

						September 2022 
View",,https://durhamcollege.ca/programs/fine-arts-advanced,Canadian dollar(Can$)
79,durham college,Firefighter – Pre-Service Education and Training,Three consecuti,"e

						September 2022 
View",,https://durhamcollege.ca/programs/firefighter-pre-service-education-and-training,Canadian dollar(Can$)
80,durham college,Firefighter – Pre-Service Education and Training (compressed),Two consecutive,"e

						January 2023 
View al",,https://durhamcollege.ca/programs/firefighter-pre-service-education-and-training-compressed,Canadian dollar(Can$)
81,durham college,Fitness and Health Promotion,Four semesters,"e

						September 2022 
View",,https://durhamcollege.ca/programs/fitness-and-health-promotion,Canadian dollar(Can$)
82,durham college,Horticulture – Food and Farming,Four semesters,"e

						September 2022 
View",,https://durhamcollege.ca/programs/food-and-farming,Canadian dollar(Can$)
83,durham college,Foundations in Art and Design,Two semesters,"e

						September 2022 
View",,https://durhamcollege.ca/programs/foundations-in-art-and-design,Canadian dollar(Can$)
84,durham college,Game – Art,Six semesters,"e

						September 2022 
View",,https://durhamcollege.ca/programs/game-art,Canadian dollar(Can$)
85,durham college,Gas Technician 2,Two semesters,"e

						September 2022 
View",,https://durhamcollege.ca/programs/gas-technician-2,Canadian dollar(Can$)
86,durham college,Gas Technician – evenings and weekends,as Technician – evenin,classesin SeptemberDiscover D,,https://durhamcollege.ca/programs/gas-technician-2-evening,Canadian dollar(Can$)
87,durham college,Gas Technician – evenings and weekends,as Technician – evenin,classesin SeptemberDiscover D,,https://durhamcollege.ca/programs/gas-technician-3-evening,Canadian dollar(Can$)
88,durham college,General Arts and Science – General Certificate,Two semesters,"e

						September 2022 
View",,https://durhamcollege.ca/programs/general-arts-and-science-general-certificate-gasc,Canadian dollar(Can$)
89,durham college,General Arts and Science – General Certificate (Online),Two semesters,"e

						January 2023 
View al",,https://durhamcollege.ca/programs/general-arts-and-science-general-certificate-online,Canadian dollar(Can$)
90,durham college,General Arts and Science – Liberal Arts Ontario Tech University Transfer,Two semesters,"e

						September 2022 
View",,https://durhamcollege.ca/programs/general-arts-and-science-liberal-arts-ontario-tech-university-transfer,Canadian dollar(Can$)
91,durham college,General Arts and Science – Liberal Arts Ontario Tech University Transfer – Forensics,Two semesters,"e

						September 2022 
View",,https://durhamcollege.ca/programs/general-arts-and-science-liberal-arts-ontario-tech-university-transfer-forensics,Canadian dollar(Can$)
92,durham college,General Arts and Science – Trent University Transfer,Two semesters,"e

						September 2022 
View",,https://durhamcollege.ca/programs/general-arts-and-science-liberal-arts-trent-transfer,Canadian dollar(Can$)
93,durham college,General Arts and Science – Science and Engineering Preparation – Ontario Tech University,Two semesters,"e

						September 2022 
View",,https://durhamcollege.ca/programs/general-arts-and-science-science-and-engineering-preparation-ontario-tech-university,Canadian dollar(Can$)
94,durham college,Graphic Design,Six semesters,"e

						September 2022 
View",,https://durhamcollege.ca/programs/graphic-design,Canadian dollar(Can$)
95,durham college,"Heating, Ventilation and Air Conditioning Techniques (HVAC)",Two semesters,"e

						September 2022 
View",,https://durhamcollege.ca/programs/heating-ventilation-and-air-conditioning-techniques-hvac,Canadian dollar(Can$)
96,durham college,Horticulture Technician,Four semesters,"e

						September 2022 
View",,https://durhamcollege.ca/programs/horticulture-technician,Canadian dollar(Can$)
97,durham college,Hospitality – Hotel and Restaurant Operations Management (Co-op option available),Four semesters,"e Only










Credential",,https://durhamcollege.ca/programs/hospitality-hotel-and-restaurant-operations-management,Canadian dollar(Can$)
98,durham college,Hospitality Skills,Two semesters,"e

						September 2022 
View",,https://durhamcollege.ca/programs/hospitality-skills,Canadian dollar(Can$)
99,durham college,Human Resources – Business – Transfer to Ontario Tech University Bachelor of Commerce (Hons),Four semesters,"e

						September 2022 
View",,https://durhamcollege.ca/programs/human-resources-business-transfer-to-ontario-tech-university-bachelor-of-commerce-hons,Canadian dollar(Can$)
100,durham college,Human Resources Management (graduate certificate),Two semesters,"e

						September 2022 
View",,https://durhamcollege.ca/programs/human-resources-management-graduate-certificate,Canadian dollar(Can$)
101,durham college,Human Resources Management (graduate certificate – weekend delivery),Three semesters,"e

						September 2022 
View",,https://durhamcollege.ca/programs/human-resources-management-graduate-certificate-weekend-delivery,Canadian dollar(Can$)
102,durham college,Interactive Media Design,Four semesters,"e

						September 2022 
View",,https://durhamcollege.ca/programs/interactive-media-design,Canadian dollar(Can$)
103,durham college,International Business Management (graduate certificate),Two semesters,"e

						September 2022 
View",,https://durhamcollege.ca/programs/international-business-management-graduate-certificate,Canadian dollar(Can$)
104,durham college,International Business Management (graduate certificate – weekend delivery),Two semesters,"e

						January 2023 
View al",,https://durhamcollege.ca/programs/international-business-management-graduate-certificate-weekend-delivery,Canadian dollar(Can$)
105,durham college,Internet of Things (IoT) (graduate certificate),Two semesters,"e


View all intakes

Faculty",,https://durhamcollege.ca/programs/internet-of-things,Canadian dollar(Can$)
106,durham college,Journalism and Creative Writing,Eight semesters,"e


View all intakes

Faculty",,https://durhamcollege.ca/programs/journalism-and-creative-writing,Canadian dollar(Can$)
107,durham college,Journalism – Mass Media,Four semesters,"e

						September 2022 
View",,https://durhamcollege.ca/programs/journalism-mass-media,Canadian dollar(Can$)
108,durham college,Law Clerk Advanced (Co-op option available),Six semesters,"e

						September 2022 
View",,https://durhamcollege.ca/programs/law-clerk-advanced,Canadian dollar(Can$)
109,durham college,Law Clerk Advanced (fast-track),Three semesters,"e

						May 2023 
View all in",,https://durhamcollege.ca/programs/law-clerk-advanced-fast-track,Canadian dollar(Can$)
110,durham college,Marketing – Business – Transfer to Ontario Tech University Bachelor of Commerce (Hons),Four semesters,"e

						September 2022 
View",,https://durhamcollege.ca/programs/marketing-business-transfer-to-ontario-tech-university-bachelor-of-commerce-hons,Canadian dollar(Can$)
111,durham college,Massage Therapy,Six semesters,"e

						September 2022 
View",,https://durhamcollege.ca/programs/massage-therapy,Canadian dollar(Can$)
112,durham college,Mechanical Engineering Technician,Four semesters,"e

						September 2022 
View",,https://durhamcollege.ca/programs/mechanical-engineering-technician,Canadian dollar(Can$)
113,durham college,Mechanical Engineering Technician – Non-Destructive Evaluation,Four semesters,"e

						September 2022 
View",,https://durhamcollege.ca/programs/mechanical-engineering-technician-non-destructive-evaluation,Canadian dollar(Can$)
114,durham college,Mechanical Engineering Technician – Non-Destructive Evaluation (fast-track),Two semesters,"e

						September 2022 
View",,https://durhamcollege.ca/programs/mechanical-engineering-technician-non-destructive-evaluation-compressed-fast-track,Canadian dollar(Can$)
115,durham college,Mechanical Engineering Technology (Co-op option available),Six semesters,"e

						September 2022 
View",,https://durhamcollege.ca/programs/mechanical-engineering-technology,Canadian dollar(Can$)
116,durham college,Mechanical Technician – Elevating Devices (Co-op option available),Four semesters,"e

						September 2022 
View",,https://durhamcollege.ca/programs/mechanical-technician-elevating-devices,Canadian dollar(Can$)
117,durham college,Mechanical Technician – Millwright (Co-op option available),Four semesters,"e

						September 2022 
View",,https://durhamcollege.ca/programs/mechanical-technician-millwright,Canadian dollar(Can$)
118,durham college,Mechanical Techniques – Plumbing,Two semesters,"e

						September 2022 
View",,https://durhamcollege.ca/programs/mechanical-techniques-plumbing,Canadian dollar(Can$)
119,durham college,Film and Motion Design – Media Fundamentals,Two semesters,"e

						September 2022 
View",,https://durhamcollege.ca/programs/media-fundamentals,Canadian dollar(Can$)
120,durham college,Music Business (two-year)/Music Business Management (three-year),Four semesters/,"e

						September 2022 
View",,https://durhamcollege.ca/programs/music-business-administration-music-business-management,Canadian dollar(Can$)
121,durham college,Nursing – Collaborative Bachelor of Science in Nursing (BScN) (Hons),ursing – Collaborative,classesin SeptemberDiscover D,,https://durhamcollege.ca/programs/nursing-collaborative-bachelor-of-science-in-nursing-bscn-hons,Canadian dollar(Can$)
122,durham college,Occupational Therapist Assistant and Physiotherapist Assistant,Four semesters,"e

						September 2022 
View",,https://durhamcollege.ca/programs/occupational-therapist-assistantphysiotherapist-assistant,Canadian dollar(Can$)
123,durham college,Office Administration – General,Two semesters,"e

						September 2022 
View",,https://durhamcollege.ca/programs/office-administration,Canadian dollar(Can$)
124,durham college,Office Administration – Executive,Four semesters,"e

						September 2022 
View",,https://durhamcollege.ca/programs/office-administration-executive,Canadian dollar(Can$)
125,durham college,Office Administration – Executive (Four consecutive semesters) – NEW,Four consecutiv,"e

						September 2022 
View",,https://durhamcollege.ca/programs/office-administration-executive-four-consecutive-semesters,Canadian dollar(Can$)
126,durham college,Office Administration – Health Services,Four semesters,"e

						September 2022 
View",,https://durhamcollege.ca/programs/office-administration-health-services,Canadian dollar(Can$)
127,durham college,Office Administration – Health Services (Four consecutive semesters),Four consecutiv,"e

						September 2022 
View",,https://durhamcollege.ca/programs/office-administration-health-services-fast-track,Canadian dollar(Can$)
128,durham college,Paralegal,Four semesters,"e

						September 2022 
View",,https://durhamcollege.ca/programs/paralegal,Canadian dollar(Can$)
129,durham college,Paralegal (graduate certificate),Two semesters,"e

						September 2022 
View",,https://durhamcollege.ca/programs/paralegal-graduate-certificate,Canadian dollar(Can$)
130,durham college,Paramedic,Four semesters,"e


View all intakes

Faculty",,https://durhamcollege.ca/programs/paramedic,Canadian dollar(Can$)
131,durham college,Paramedic – Advanced Care (graduate certificate),Three consecuti,"e

						September 2022 
View",,https://durhamcollege.ca/programs/paramedic-advanced-care-hybrid-delivery-graduate-certificate,Canadian dollar(Can$)
132,durham college,Personal Support Worker,Two semesters,"e

						September 2022 
View",,https://durhamcollege.ca/programs/personal-support-worker,Canadian dollar(Can$)
133,durham college,Personal Support Worker – Accelerated – NEW,12 weeks in cla,"e


View all intakes

Faculty",,https://durhamcollege.ca/programs/personal-support-worker-accelerated,Canadian dollar(Can$)
134,durham college,Personal Support Worker (weekend delivery),Two semesters,"e

						September 2022 
View",,https://durhamcollege.ca/programs/personal-support-worker-weekend-delivery,Canadian dollar(Can$)
135,durham college,Pharmaceutical Science (graduate certificate) – NEW,Three semesters,"e

						September 2022 
View",,https://durhamcollege.ca/programs/pharmaceutical-science,Canadian dollar(Can$)
136,durham college,Photography,Four semesters,"e

						September 2022 
View",,https://durhamcollege.ca/programs/photography,Canadian dollar(Can$)
137,durham college,Police Foundations,Four semesters,"e

						September 2022 
View",,https://durhamcollege.ca/programs/police-foundations,Canadian dollar(Can$)
138,durham college,Police Foundations (fast-track),Two semesters,"e

						September 2022 
View",,https://durhamcollege.ca/programs/police-foundations-fast-track,Canadian dollar(Can$)
139,durham college,Power Engineering Techniques – Fourth Class,Two semesters,"e

						September 2022 
View",,https://durhamcollege.ca/programs/power-engineering-techniques-fourth-class,Canadian dollar(Can$)
140,durham college,Practical Nursing,Five semesters,"e

						September 2022 
View",,https://durhamcollege.ca/programs/practical-nursing,Canadian dollar(Can$)
141,durham college,Practical Nursing – Flex Program (weekend delivery),Five semesters,"e

						January 2023 
View al",,https://durhamcollege.ca/programs/practical-nursing-flex-program,Canadian dollar(Can$)
142,durham college,Practical Nursing for Internationally Educated Nurses,Four semesters,"e

						September 2022 
View",,https://durhamcollege.ca/programs/practical-nursing-for-internationally-educated-nurses,Canadian dollar(Can$)
143,durham college,Pre-Health Sciences Pathway to Advanced Diplomas and Degrees,Two semesters,"e

						September 2022 
View",,https://durhamcollege.ca/programs/pre-health-sciences-pathway-to-advanced-diplomas-and-degrees,Canadian dollar(Can$)
144,durham college,Pre-Health Sciences Pathway to Certificates and Diplomas,Two semesters,"e

						September 2022 
View",,https://durhamcollege.ca/programs/pre-health-sciences-pathway-to-certificates-and-diplomas,Canadian dollar(Can$)
145,durham college,Pre-Health Sciences Pathway to Certificates and Diplomas (hybrid),Two semester,"e

						September 2022 
View",,https://durhamcollege.ca/programs/pre-health-sciences-pathway-to-certificates-and-diplomas-hybrid-option,Canadian dollar(Can$)
146,durham college,Project Management (graduate certificate),Two semesters,"e

						September 2022 
View",,https://durhamcollege.ca/programs/project-management,Canadian dollar(Can$)
147,durham college,Project Management (graduate certificate – weekend delivery),Two semesters,"e

						September 2022 
View",,https://durhamcollege.ca/programs/project-management-graduate-certificate-weekend-delivery,Canadian dollar(Can$)
148,durham college,"Protection, Security and Investigation",Four semesters,"e

						September 2022 
View",,https://durhamcollege.ca/programs/protection-security-and-investigation,Canadian dollar(Can$)
149,durham college,"Protection, Security and Investigation (fast-track)",Two semesters,"e

						September 2022 
View",,https://durhamcollege.ca/programs/protection-security-and-investigation-fast-track,Canadian dollar(Can$)
150,durham college,PR and Strategic Communications,Five semesters,"e

						September 2022 
View",,https://durhamcollege.ca/programs/public-relations,Canadian dollar(Can$)
151,durham college,Recreation and Leisure Services,Four semesters,"e

						September 2022 
View",,https://durhamcollege.ca/programs/recreation-and-leisure-services,Canadian dollar(Can$)
152,durham college,Critical Care Nursing – e-learning (graduate certificate),Two semesters,"e

						September 2022 
View",,https://durhamcollege.ca/programs/registered-nurse-critical-care-nursing-e-learning,Canadian dollar(Can$)
153,durham college,Social Service Worker,Four semesters,"e

						September 2022 
View",,https://durhamcollege.ca/programs/social-services-worker,Canadian dollar(Can$)
154,durham college,Sport Administration (two-year),Four semesters,"e

						September 2022 
View",,https://durhamcollege.ca/programs/sport-administration,Canadian dollar(Can$)
155,durham college,Sport Business Management (graduate certificate),Two semesters,"e

						September 2022 
View",,https://durhamcollege.ca/programs/sport-business-management-graduate-certificate,Canadian dollar(Can$)
156,durham college,Sport Management (three-year),Six semesters,"e

						September 2022 
View",,https://durhamcollege.ca/programs/sport-management,Canadian dollar(Can$)
157,durham college,Supply Chain and Operations – Business,Four semesters,"e

						September 2022 
View",,https://durhamcollege.ca/programs/supply-chain-and-operations-business,Canadian dollar(Can$)
158,durham college,Supply Chain and Operations – Business – Transfer to Ontario Tech University Bachelor of Commerce (Hons),Four semesters,"e

						September 2022 
View",,https://durhamcollege.ca/programs/supply-chain-and-operations-business-transfer-to-ontario-tech-university-bachelor-of-commerce-hons,Canadian dollar(Can$)
159,durham college,Supply Chain and Operations Management – Business Administration (Co-op option available),Six semesters,"e

						September 2022 
View",,https://durhamcollege.ca/programs/supply-chain-and-operations-management-business-administration,Canadian dollar(Can$)
160,durham college,Supply Chain Management – Global (graduate certificate) – NEW,Two semesters (,"e

						September 2022 
View",,https://durhamcollege.ca/programs/supply-chain-management-global,Canadian dollar(Can$)
161,durham college,Tourism – Destination Marketing (Co-op option available),Four semesters,"e

						September 2022 
View",,https://durhamcollege.ca/programs/tourism-destination-marketing,Canadian dollar(Can$)
162,durham college,Trades Fundamentals,Two semesters,"e

						September 2022 
View",,https://durhamcollege.ca/programs/trades-fundamentals,Canadian dollar(Can$)
163,durham college,Victim Justice and Interventions (graduate certificate),Two semesters,"e

						September 2022 
View",,https://durhamcollege.ca/programs/victimology-graduate-certificate,Canadian dollar(Can$)
164,durham college,Video Production,Four semesters,"e

						September 2022 
View",,https://durhamcollege.ca/programs/video-production,Canadian dollar(Can$)
165,durham college,Web Development – NEW,Four semesters,"e

						September 2022 
View",,https://durhamcollege.ca/programs/web-development,Canadian dollar(Can$)
166,durham college,Welding Engineering Technician (Co-op option available),Four semesters,"e

						September 2022 
View",,https://durhamcollege.ca/programs/welding-engineering-technician,Canadian dollar(Can$)
167,durham college,Youth Justice and Interventions (graduate certificate),Two semesters,"e

						September 2022 
View",,https://durhamcollege.ca/programs/youth-justice-and-interventions-graduate-certificate,Canadian dollar(Can$)
